id,publication_id,publication_key,publication_type,type,publication_role,status,artifact_availability,title,date,version,doi,website_url,canonical_url,short_url,route_status,pdf,bytes,sha256,sha512,ots_status
c001-standing-in-the-inquiry-of-being,c001,charter_essays.standing_in_the_inquiry_of_being,Charter Essay,charter_essay,orientation,released,local_pdf,Standing in the Inquiry of Being,2026-05-08,canonical v1.0,,https://panta-rhei.site/program/about/standing-in-the-inquiry-of-being/,https://panta-rhei.site/program/about/standing-in-the-inquiry-of-being/,https://prrp.site/c001,active,c001-standing-in-the-inquiry-of-being.pdf,327217,0f547c4a586ba92e58346d55a7b18945c577c1303a152530ace52db0a1320408,d3aef6dd9bf0ef5e26d53b4e736505311ff117d2e7222293b75942f3ec3fb74dc55b5035a013cf7c17c98682ec4ad5c129778e957464b381aa24359163beb00e,missing
gt001-guided-tour-book-i,gt001,guided_tours.book_i,Guided Tour,guided_tour,verification,released,local_pdf,Book I Guided Tour,2026-04-15,v1.0,,https://panta-rhei.site/publications/guided-tours/,https://panta-rhei.site/publications/guided-tours/,https://prrp.site/gt001,reserved,guided-tour-book-I.pdf,441645,72a145aeaed5f5390b180119393d85ae9f0fb396bdb210e4355fac4901bbb5f3,46a3d02457be06a98786edc8c9203b422119c3ed26986eb14735a4fcce2f43c9f9054562be6cce41a1cab81dc367d9c7d7e3ceffbf71ad0a8cd0a9ef3904871a,missing
gt002-guided-tour-book-ii,gt002,guided_tours.book_ii,Guided Tour,guided_tour,verification,released,local_pdf,Book II Guided Tour,2026-04-15,v1.0,,https://panta-rhei.site/publications/guided-tours/,https://panta-rhei.site/publications/guided-tours/,https://prrp.site/gt002,reserved,guided-tour-book-II.pdf,471244,efa7333f0cea7940cfcade7f65fe7a1dd7cee0a5aa1f3a5a095a26bece40a0f7,c74ce857a57bbb019a4eb34acaa409ff82260d12639fa8790f1162fc96011e96817014d52852c731f92483f1326bf9f678b4ba2ffa02202b100dc359bd1b8f34,missing
gt003-guided-tour-book-iii,gt003,guided_tours.book_iii,Guided Tour,guided_tour,verification,released,local_pdf,Book III Guided Tour,2026-04-15,v1.0,,https://panta-rhei.site/publications/guided-tours/,https://panta-rhei.site/publications/guided-tours/,https://prrp.site/gt003,reserved,guided-tour-book-III.pdf,467609,2ea68610c013abb1926fd5027a2fdfa12d0baeb566180621a10b7f032b3c7e4f,713a08061992ef7622ba0844e5a67329e0c567046eb5f71a2cf1f69e79f91a04f481205596bd02c71155e06ab611450d6a21d5b14d9dc9a4b04314dad526e180,missing
gt004-guided-tour-book-iv,gt004,guided_tours.book_iv,Guided Tour,guided_tour,verification,released,local_pdf,Book IV Guided Tour,2026-04-15,v1.0,,https://panta-rhei.site/publications/guided-tours/,https://panta-rhei.site/publications/guided-tours/,https://prrp.site/gt004,reserved,guided-tour-book-IV.pdf,487368,5a502fa90175bba8423d44364c81c5bab0fab89cbb24c9fb9e8352e7d461d8c8,94d6a7cd9b6370615f8c3399eaddefa2638db2f580f962c124194b9b7546fd32e8708018f514f9eb50d5940d833e7aee3496b5973fe4ca81d6c20d3bfcb97bb7,missing
gt005-guided-tour-book-v,gt005,guided_tours.book_v,Guided Tour,guided_tour,verification,released,local_pdf,Book V Guided Tour,2026-04-15,v1.0,,https://panta-rhei.site/publications/guided-tours/,https://panta-rhei.site/publications/guided-tours/,https://prrp.site/gt005,reserved,guided-tour-book-V.pdf,493486,17b5c32417bcc88a5158030d19f967b92de465597a997220b3098489fa315dcf,b479d4b9e0b898b048a208f7a486a5e41e18902746d8f66635c496e90a680b815c0a648524e01291079ea043541183d1d20cef4680b08404897e328bba8857a1,missing
gt006-guided-tour-book-vi,gt006,guided_tours.book_vi,Guided Tour,guided_tour,verification,released,local_pdf,Book VI Guided Tour,2026-04-15,v1.0,,https://panta-rhei.site/publications/guided-tours/,https://panta-rhei.site/publications/guided-tours/,https://prrp.site/gt006,reserved,guided-tour-book-VI.pdf,451824,72158fcb8671058d47089a876e22770a4d4301327a58450ac1b02fe810867474,cf486aa5b540de17d63ba74e0744a15fb9ba5525939bd4e2e99ae1f179c8a654c7e6390574959c65e7d3a5030c5ba3236a2573572576d1215ad4d8fc3f40eae1,missing
gt007-guided-tour-book-vii,gt007,guided_tours.book_vii,Guided Tour,guided_tour,verification,released,local_pdf,Book VII Guided Tour,2026-04-15,v1.0,,https://panta-rhei.site/publications/guided-tours/,https://panta-rhei.site/publications/guided-tours/,https://prrp.site/gt007,reserved,guided-tour-book-VII.pdf,474866,0314dd107daaf8fd86ce80fecf25c2e75e2b54473ca21bb994eba38830887798,6ea224cd5b542451b5c17ef24becad897fb2e50b737a116fa92d4ab7d5108c229940132bff72efab86c75b2fd4b3efea783ca79d02216acec1e7061c617e2520,missing
ms001-numerical-physics-ledger,ms001,monograph_supplements.numerical_physics_ledger,Monograph Supplement,monograph_supplement,technical,released,local_pdf,The Numerical Physics Ledger,2026-04-30,Second Edition,,https://panta-rhei.site/publications/monograph-supplements/numerical-physics-ledger/,https://panta-rhei.site/publications/monograph-supplements/numerical-physics-ledger/,https://prrp.site/ms001,reserved,physics-ledger.pdf,1106876,ccea2506f21770103ca98244664eaedfde992088206c7902c7d41a4299b0559e,3011882896f2372b32a9cbe8aba1a78a95ef7b1d3c883c9480c608fe065aec48877bc84044f4d6e6fe136a1a2af8eb430d9ca997d616df8c422709f24785b471,missing
ms002-categorical-genesis,ms002,monograph_supplements.categorical_genesis,Monograph Supplement,monograph_supplement,orientation,released,local_pdf,Categorical Genesis,2026-04-30,Second Edition,,https://panta-rhei.site/publications/monograph-supplements/categorical-genesis/,https://panta-rhei.site/publications/monograph-supplements/categorical-genesis/,https://prrp.site/ms002,reserved,categorical-genesis.pdf,357161,772b66729624583097fc4c7797134ed50374db3a9782bf7eccc11326b9fa58d7,0a46d784e6ecae2100d2f99ab94c57cb9f32ac5fdfa90e188acc1ff8a08eac2817df9e3da4bbab3af5165cb6187b3100cc6e5f92f7341491804e8614dfadd8cf,missing
2026-05-02-advanced-fission-safety-operations-licensing-fleet-modernization,pgd001,public_good_dossiers.advanced_fission_safety_operations_licensing_fleet_modernization,Public-Good Briefing,public_good_briefing,translation,released,local_pdf,"τ for Advanced Fission Safety, Operations, Licensing, and Fleet Modernization",2026-05-02,v3-enriched,,https://panta-rhei.site/publications/research-briefings/public-good/advanced-fission-safety-operations-licensing-fleet-modernization/,https://panta-rhei.site/publications/research-briefings/public-good/advanced-fission-safety-operations-licensing-fleet-modernization/,https://prrp.site/pgd001,reserved,public-good-impact-dossier-2026-05-02-advanced-fission-safety-operations-licensing-fleet-modernization.pdf,284000,2f417f847d649f74a78212ca1830e976f90e39ae3873b242e2f4a42e9f67bc55,e1456d049905a8c81995ad6d43ac73cd61892667337c04833caf26c683be05fc518b3090345332f6fd455572b9a319d57664cbd00b4cfe9186dd452e10c66a20,missing
2026-05-02-amr-wastewater-environmental-transmission-intelligence,pgd002,public_good_dossiers.amr_wastewater_environmental_transmission_intelligence,Public-Good Briefing,public_good_briefing,translation,released,local_pdf,"Tau for AMR, Wastewater/Environmental Surveillance, and Environmental Transmission Intelligence",2026-05-02,v3-enriched,,https://panta-rhei.site/publications/research-briefings/public-good/amr-wastewater-environmental-transmission-intelligence/,https://panta-rhei.site/publications/research-briefings/public-good/amr-wastewater-environmental-transmission-intelligence/,https://prrp.site/pgd002,reserved,public-good-impact-dossier-2026-05-02-amr-wastewater-environmental-transmission-intelligence.pdf,321864,4e4161770b683e1a6f0aba6681c5c60c49f8a6d79f27aecaf09fdd47e3361b41,d25beb9fbd6230e596f2396ba6149e03b8e22025cf50226cc2266f11b59a34c6378dab768762c51f8f0a02844c63a35e030bd26f68828497c2057393d80a1dcd,missing
2026-05-02-anticipatory-action-humanitarian-logistics-climate-risk-finance,pgd003,public_good_dossiers.anticipatory_action_humanitarian_logistics_climate_risk_finance,Public-Good Briefing,public_good_briefing,translation,released,local_pdf,"Tau for Anticipatory Action, Humanitarian Logistics, and Climate-Risk Finance",2026-05-02,v3-enriched,,https://panta-rhei.site/publications/research-briefings/public-good/anticipatory-action-humanitarian-logistics-climate-risk-finance/,https://panta-rhei.site/publications/research-briefings/public-good/anticipatory-action-humanitarian-logistics-climate-risk-finance/,https://prrp.site/pgd003,reserved,public-good-impact-dossier-2026-05-02-anticipatory-action-humanitarian-logistics-climate-risk-finance.pdf,339073,a825d6e69b833d87c61c90f407032ad64f30e642e91e881c684bdc265774b157,25bfd29d4cf8c3d5375cce8ec96ceb394a20e72e2e2d9cebbcbd0097db49a82763df2a430809eb1caf0a34bbf4b714228008f66943cf0e97cb55a4baf4b04bdd,missing
2026-05-02-aviation-weather-intelligence,pgd004,public_good_dossiers.aviation_weather_intelligence,Public-Good Briefing,public_good_briefing,translation,released,local_pdf,Tau-Grade Aviation Weather Intelligence for Mainstream Aviation,2026-05-02,v3-enriched,,https://panta-rhei.site/publications/research-briefings/public-good/aviation-weather-intelligence/,https://panta-rhei.site/publications/research-briefings/public-good/aviation-weather-intelligence/,https://prrp.site/pgd004,reserved,public-good-impact-dossier-2026-05-02-aviation-weather-intelligence.pdf,289365,b6f28eea3c582c35ac1fb37fd226c166e06925a8f9d458aeaaf52d72cc998f8a,1cb66c8da0158273d29deb81f6b76caca245c68ca7fb2ec7b835acf05baba0ce9eec486849bce7d42e892ff9a296fa0709db1aab07b42c1d01c45ac39364cb2c,missing
2026-05-02-biodiversity-finance-monitoring-restoration-verification,pgd005,public_good_dossiers.biodiversity_finance_monitoring_restoration_verification,Public-Good Briefing,public_good_briefing,translation,released,local_pdf,"τ for Biodiversity Finance, Monitoring, Restoration Verification, and Nature-Positive Investment Prioritization",2026-05-02,v3-enriched,,https://panta-rhei.site/publications/research-briefings/public-good/biodiversity-finance-monitoring-restoration-verification/,https://panta-rhei.site/publications/research-briefings/public-good/biodiversity-finance-monitoring-restoration-verification/,https://prrp.site/pgd005,reserved,public-good-impact-dossier-2026-05-02-biodiversity-finance-monitoring-restoration-verification.pdf,289116,7d35da6182f4445c7533f6aab01e6d082f44796f17a5b3fc3947a07552f4558e,0d7d63d2b40864e3463effa3b6f98cb762833c8c3c5d6fff6cba87a1a780fd2781f23ac00a2ec3d3f52f8c0829eca9536985357604c5a53b34d2c0ed06c6d5b0,missing
2026-05-02-blue-food-systems-marine-ecosystem-intelligence,pgd006,public_good_dossiers.blue_food_systems_marine_ecosystem_intelligence,Public-Good Briefing,public_good_briefing,translation,released,local_pdf,τ and Blue Food Systems,2026-05-02,v3-enriched,,https://panta-rhei.site/publications/research-briefings/public-good/blue-food-systems-marine-ecosystem-intelligence/,https://panta-rhei.site/publications/research-briefings/public-good/blue-food-systems-marine-ecosystem-intelligence/,https://prrp.site/pgd006,reserved,public-good-impact-dossier-2026-05-02-blue-food-systems-marine-ecosystem-intelligence.pdf,288857,b768cf1c67054673e243d3a97ee31a83d5bbf8881f60d4ca86aedc1753b5d896,fb6ce3283a4883b0b9aea0f90ab55dd88f51adea8d2f860db5a38f918d3576fd79963909fa6ead5c4c203a5428268d0456a7f135265608950de4fe468e443b84,missing
2026-05-02-bulk-grid-solar-forecasting,pgd007,public_good_dossiers.bulk_grid_solar_forecasting,Public-Good Briefing,public_good_briefing,translation,released,local_pdf,Tau-Grade Solar Forecasting for Bulk-Grid Operations and Market Dispatch,2026-05-02,v3-enriched,,https://panta-rhei.site/publications/research-briefings/public-good/bulk-grid-solar-forecasting/,https://panta-rhei.site/publications/research-briefings/public-good/bulk-grid-solar-forecasting/,https://prrp.site/pgd007,reserved,public-good-impact-dossier-2026-05-02-bulk-grid-solar-forecasting.pdf,277421,855a2c098ba7a1d3eae2e699bf6cf95127a86cb913395eae54bb9c7feb89d0dd,145af9afbd93cae25c71437f52a339af325ba9ff55e899ec53177c3b50867fbf8bc771e56055af3b21413aef6123743d68cf7c67e9b77f361f23c96c751135b9,missing
2026-05-02-carbon-cycle-methane-aerosol-sink-intelligence,pgd008,public_good_dossiers.carbon_cycle_methane_aerosol_sink_intelligence,Public-Good Briefing,public_good_briefing,translation,released,local_pdf,"Tau for Carbon-Cycle, Methane, Aerosol, and Sink Intelligence",2026-05-02,v3-enriched,,https://panta-rhei.site/publications/research-briefings/public-good/carbon-cycle-methane-aerosol-sink-intelligence/,https://panta-rhei.site/publications/research-briefings/public-good/carbon-cycle-methane-aerosol-sink-intelligence/,https://prrp.site/pgd008,reserved,public-good-impact-dossier-2026-05-02-carbon-cycle-methane-aerosol-sink-intelligence.pdf,289297,aba4f79a17968be027121ca3b495343741b8d567edbab8f39b4342e93ca88288,7f6ae7130be80ea1f80eaf3eddb741362adaa238583c64a2e0d3af92f85154b77d882431f8af302389b188841b9e082f83471942d002f400e31f72c16bac07d4,missing
2026-05-02-chemicals-toxic-releases-lead-pfas-heavy-metals-plume-remediation,pgd009,public_good_dossiers.chemicals_toxic_releases_lead_pfas_heavy_metals_plume_remediation,Public-Good Briefing,public_good_briefing,translation,released,local_pdf,"Tau for Chemicals, Toxic Releases, Lead/PFAS/Heavy Metals, Water-Soil-Air Plume Intelligence, and Remediation",2026-05-02,v3-enriched,,https://panta-rhei.site/publications/research-briefings/public-good/chemicals-toxic-releases-lead-pfas-heavy-metals-plume-remediation/,https://panta-rhei.site/publications/research-briefings/public-good/chemicals-toxic-releases-lead-pfas-heavy-metals-plume-remediation/,https://prrp.site/pgd009,reserved,public-good-impact-dossier-2026-05-02-chemicals-toxic-releases-lead-pfas-heavy-metals-plume-remediation.pdf,275815,d6e654aaba170b3f6ac1819526f96d532c4195aa4b56c272e5e5af805df612dc,35cb737267ccc5a9b6395f749439ea7fdecf4ff20cb41800bae0ae61ffaf3f2b07027f9d1f2c78468df02a7e71c801eaf96c7c61be6faa5ce1c11356678a9358,missing
2026-05-02-clean-air-digital-twins-exposure-intelligence,pgd010,public_good_dossiers.clean_air_digital_twins_exposure_intelligence,Public-Good Briefing,public_good_briefing,translation,released,local_pdf,"Tau-Grade Clean-Air Digital Twins, Exposure Intelligence, and Urban/Regional Health Protection",2026-05-02,v3-enriched,,https://panta-rhei.site/publications/research-briefings/public-good/clean-air-digital-twins-exposure-intelligence/,https://panta-rhei.site/publications/research-briefings/public-good/clean-air-digital-twins-exposure-intelligence/,https://prrp.site/pgd010,reserved,public-good-impact-dossier-2026-05-02-clean-air-digital-twins-exposure-intelligence.pdf,329102,fd1089baebe30f97d5ee1ab5c1119daac6da7c171b95377dd4c1fef8b4f30598,3eff06791a7cfbe34dbdf0bda0f4c49be2eb521bce6b8db59455c1669e006f6a55d61b5f5c84489631a3db4ebc127dd8c2dbc9804aa4d55796ec95b6a7980ae3,missing
2026-05-02-climate-policy-optimization-investment-prioritization-international-coordination,pgd011,public_good_dossiers.climate_policy_optimization_investment_prioritization_international_coordination,Public-Good Briefing,public_good_briefing,translation,released,local_pdf,"Tau for Climate Policy Optimization, Investment Prioritization, and International Coordination",2026-05-02,v3-enriched,,https://panta-rhei.site/publications/research-briefings/public-good/climate-policy-optimization-investment-prioritization-international-coordination/,https://panta-rhei.site/publications/research-briefings/public-good/climate-policy-optimization-investment-prioritization-international-coordination/,https://prrp.site/pgd011,reserved,public-good-impact-dossier-2026-05-02-climate-policy-optimization-investment-prioritization-international-coordination.pdf,299287,cc5084819a8da1b81b859683e8f440cce5f80022903ed9eddb029ed6c14fe3a9,51a8afd76e26064dc9e515f2d54eebae83052abe62a4acef5c3bb7d18ca1f37ee9d58378ff76953d21e3e93547bdd8726a0539f3b6bafac2220bbf7d17f60cdc,missing
2026-05-02-climate-smart-aviation-contrail-routing-decarbonization,pgd012,public_good_dossiers.climate_smart_aviation_contrail_routing_decarbonization,Public-Good Briefing,public_good_briefing,translation,released,local_pdf,τ-Enabled Climate-Smart Aviation,2026-05-02,v3-enriched,,https://panta-rhei.site/publications/research-briefings/public-good/climate-smart-aviation-contrail-routing-decarbonization/,https://panta-rhei.site/publications/research-briefings/public-good/climate-smart-aviation-contrail-routing-decarbonization/,https://prrp.site/pgd012,reserved,public-good-impact-dossier-2026-05-02-climate-smart-aviation-contrail-routing-decarbonization.pdf,286790,17bc080230bc8133803f4b70f4c5be4e512104b4c572769df6c5699dfd25a0a9,ed9f1fc3197143968e74c72f48bd7d77a6b5f727d6f8ad2867928d9e5751598535bfa9f577c394cb0ceb9573e4598bfd74d9a923050abab94e81e3002bd8958f,missing
2026-05-02-climate-smart-irrigation-soil-moisture-water-productivity,pgd013,public_good_dossiers.climate_smart_irrigation_soil_moisture_water_productivity,Public-Good Briefing,public_good_briefing,translation,released,local_pdf,"Tau for Climate-Smart Irrigation, Soil Moisture, and Water Productivity",2026-05-02,v3-enriched,,https://panta-rhei.site/publications/research-briefings/public-good/climate-smart-irrigation-soil-moisture-water-productivity/,https://panta-rhei.site/publications/research-briefings/public-good/climate-smart-irrigation-soil-moisture-water-productivity/,https://prrp.site/pgd013,reserved,public-good-impact-dossier-2026-05-02-climate-smart-irrigation-soil-moisture-water-productivity.pdf,352515,1371286030bd2418d47ff54bd2358effffb06581dc5cbed12871ec6843af33d4,f3c15e07dd0be6041f20909023f2e8d10b52259d403dd03c147ffc6c3c9d0ce9fd317763431738a3988b7501ba2b766396f45b6aeff0737271bad99bd2ac4210,missing
2026-05-02-climate-smart-shipping-decarbonization-wind-corridors,pgd014,public_good_dossiers.climate_smart_shipping_decarbonization_wind_corridors,Public-Good Briefing,public_good_briefing,translation,released,local_pdf,τ and Climate-Smart Shipping,2026-05-02,v3-enriched,,https://panta-rhei.site/publications/research-briefings/public-good/climate-smart-shipping-decarbonization-wind-corridors/,https://panta-rhei.site/publications/research-briefings/public-good/climate-smart-shipping-decarbonization-wind-corridors/,https://prrp.site/pgd014,reserved,public-good-impact-dossier-2026-05-02-climate-smart-shipping-decarbonization-wind-corridors.pdf,291332,8c4596e0a82a8e5b33ca62a799661544305f126ad331ad91f16c89b3d40ce83d,204e327040f192c4758eadcd9c9b5b0ca1f7cd99ac36543c16c84e6df96b7c52299f6b8eeac69b319dc9f4685c02aceddf34983d41b23d2b6923dc0e0aa1dd5b,missing
2026-05-02-critical-infrastructure-emergency-operations-public-service-continuity,pgd015,public_good_dossiers.critical_infrastructure_emergency_operations_public_service_continuity,Public-Good Briefing,public_good_briefing,translation,released,local_pdf,"Tau for Critical Infrastructure, Emergency Operations, and Public-Service Continuity",2026-05-02,v3-enriched,,https://panta-rhei.site/publications/research-briefings/public-good/critical-infrastructure-emergency-operations-public-service-continuity/,https://panta-rhei.site/publications/research-briefings/public-good/critical-infrastructure-emergency-operations-public-service-continuity/,https://prrp.site/pgd015,reserved,public-good-impact-dossier-2026-05-02-critical-infrastructure-emergency-operations-public-service-continuity.pdf,329186,1fc3aad5439fbef11385a19c54e9568eed227461a3572c1a3cc7f5c2449a343d,69db66c4011986962f43e8e24147b527cfcda4011ec72880c787ba985393efed108267dce5cc2da0624be80b955b4602e19afffafd448ca2277ac787b95836a0,missing
2026-05-02-crop-biology-breeding-photosynthesis-gene-design,pgd016,public_good_dossiers.crop_biology_breeding_photosynthesis_gene_design,Public-Good Briefing,public_good_briefing,translation,released,local_pdf,"Tau for Crop Biology, Breeding, Photosynthesis Engineering, and Targeted Gene Design",2026-05-02,v3-enriched,,https://panta-rhei.site/publications/research-briefings/public-good/crop-biology-breeding-photosynthesis-gene-design/,https://panta-rhei.site/publications/research-briefings/public-good/crop-biology-breeding-photosynthesis-gene-design/,https://prrp.site/pgd016,reserved,public-good-impact-dossier-2026-05-02-crop-biology-breeding-photosynthesis-gene-design.pdf,281107,d21eeb4a120acea35993cf9ca3d2d9e5795e70438f144d300927d237df922d76,17a368eb19321eea5cffa392f5be31fc09b293c4ae563ec164975cf579bb0834e98023dbdb5eec0e2d84313d206d614100872ed6bababc2727b48dfb84ba55c0,missing
2026-05-02-der-storage-flexible-demand-microgrids-td-planning,pgd017,public_good_dossiers.der_storage_flexible_demand_microgrids_td_planning,Public-Good Briefing,public_good_briefing,translation,released,local_pdf,"Tau for DER Orchestration, Storage, Flexible Demand, Microgrids, and T&D Planning",2026-05-02,v3-enriched,,https://panta-rhei.site/publications/research-briefings/public-good/der-storage-flexible-demand-microgrids-td-planning/,https://panta-rhei.site/publications/research-briefings/public-good/der-storage-flexible-demand-microgrids-td-planning/,https://prrp.site/pgd017,reserved,public-good-impact-dossier-2026-05-02-der-storage-flexible-demand-microgrids-td-planning.pdf,294394,0f9ef9f3ead870d566234f0ba71b989c5d4ee25b3dedbfeb2e2786777ee00aa7,b3b0a1aa92d12535a7907baf0733aaf2f49704c4a6f71e48275db8c64359571a772db61daff00c0381ce9b13aa9fa51937c4862e4e04923f039fd3523cb55f4e,missing
2026-05-02-distributed-pv-visibility-distribution-grid-orchestration,pgd018,public_good_dossiers.distributed_pv_visibility_distribution_grid_orchestration,Public-Good Briefing,public_good_briefing,translation,released,local_pdf,τ for Distributed PV Visibility and Distribution-Grid Orchestration,2026-05-02,v3-enriched,,https://panta-rhei.site/publications/research-briefings/public-good/distributed-pv-visibility-distribution-grid-orchestration/,https://panta-rhei.site/publications/research-briefings/public-good/distributed-pv-visibility-distribution-grid-orchestration/,https://prrp.site/pgd018,reserved,public-good-impact-dossier-2026-05-02-distributed-pv-visibility-distribution-grid-orchestration.pdf,314728,e29271962f785fa9b3b30dfe452233b69d162950936234e3af0b80e0375e3fbe,9c986ead027f81a15fdd53cf2ac48047304dfd3e1751409de0baacf18faeecd9c34ea33c517af3057657e668df51a809342a23de87ca79f78b67c180551a81d0,missing
2026-05-02-distribution-networks-leakage-pressure-service-continuity,pgd019,public_good_dossiers.distribution_networks_leakage_pressure_service_continuity,Public-Good Briefing,public_good_briefing,translation,released,local_pdf,"τ for Distribution Networks, Leakage, Pressure, and Service Continuity",2026-05-02,v3-enriched,,https://panta-rhei.site/publications/research-briefings/public-good/distribution-networks-leakage-pressure-service-continuity/,https://panta-rhei.site/publications/research-briefings/public-good/distribution-networks-leakage-pressure-service-continuity/,https://prrp.site/pgd019,reserved,public-good-impact-dossier-2026-05-02-distribution-networks-leakage-pressure-service-continuity.pdf,290305,36e141d529b0a201a1339f443a4a850d7c6213aaa703fca72dcc344145601aae,52f5e155e0a391176245cb563ee52d55ccfad3e5dcfadba4557e753248e989904aa3a42a00e647915896595ee2bf00e95a6b2b1eaa003520b23332751aa6e4b8,missing
2026-05-02-drinking-water-source-treatment-quality-early-warning,pgd020,public_good_dossiers.drinking_water_source_treatment_quality_early_warning,Public-Good Briefing,public_good_briefing,translation,released,local_pdf,"Tau-Grade Drinking-Water Source, Treatment, and Quality Early Warning",2026-05-02,v3-enriched,,https://panta-rhei.site/publications/research-briefings/public-good/drinking-water-source-treatment-quality-early-warning/,https://panta-rhei.site/publications/research-briefings/public-good/drinking-water-source-treatment-quality-early-warning/,https://prrp.site/pgd020,reserved,public-good-impact-dossier-2026-05-02-drinking-water-source-treatment-quality-early-warning.pdf,265789,1094dada9290d37032810ac0f575c22bf433e15b493eeb29ba78dedfbfc8c5e7,cc0c49ff28f29e8b86acad006e9cc010e6eb2e6ec5a9aa9acaa5166493855e1eaaa676e30bb7dfbe1d0e55f1c14618e99e683398aff67c72362c07375aa52187,missing
2026-05-02-flood-coastal-surge-landslide-resilience,pgd021,public_good_dossiers.flood_coastal_surge_landslide_resilience,Public-Good Briefing,public_good_briefing,translation,released,local_pdf,"Tau for Flood, Coastal Surge, Flash Flood, and Landslide Resilience",2026-05-02,v3-enriched,,https://panta-rhei.site/publications/research-briefings/public-good/flood-coastal-surge-landslide-resilience/,https://panta-rhei.site/publications/research-briefings/public-good/flood-coastal-surge-landslide-resilience/,https://prrp.site/pgd021,reserved,public-good-impact-dossier-2026-05-02-flood-coastal-surge-landslide-resilience.pdf,275012,863180cee3a3375a3184602f63d2ee24585596630f1c3512cf547ee85dac6e3f,2425b277d89a2876935b3e5a0ca0035b14076020a0fc58914e42b69078f896a28a7a103cfd88fd3279b408b7dcdc99ad9fd691c35831b75e2ff31952669dc8f6,missing
2026-05-02-food-safety-livestock-wildlife-community-exposure,pgd022,public_good_dossiers.food_safety_livestock_wildlife_community_exposure,Public-Good Briefing,public_good_briefing,translation,released,local_pdf,"Tau for Food Safety, Livestock/Wildlife Interface, and Community Exposure Intelligence",2026-05-02,v3-enriched,,https://panta-rhei.site/publications/research-briefings/public-good/food-safety-livestock-wildlife-community-exposure/,https://panta-rhei.site/publications/research-briefings/public-good/food-safety-livestock-wildlife-community-exposure/,https://prrp.site/pgd022,reserved,public-good-impact-dossier-2026-05-02-food-safety-livestock-wildlife-community-exposure.pdf,299630,72afae8e3a10bff21bd7e2647256582c55767ea74349cc064ac202ed10b922e2,a7614656f2e531f93c62618c6f99d67dcffca60ea650eaeb256c0907455e2bc6036a9d619b3c0f374f07a786ff4542799d9f07847cf823774bd055a901288a78,missing
2026-05-02-fusion-digital-twins-plasma-control-heat-exhaust-iter-demo,pgd023,public_good_dossiers.fusion_digital_twins_plasma_control_heat_exhaust_iter_demo,Public-Good Briefing,public_good_briefing,translation,released,local_pdf,"τ for Fusion Digital Twins, Plasma Control, Heat Exhaust, and ITER → DEMO → Commercialization",2026-05-02,v3-enriched,,https://panta-rhei.site/publications/research-briefings/public-good/fusion-digital-twins-plasma-control-heat-exhaust-iter-demo/,https://panta-rhei.site/publications/research-briefings/public-good/fusion-digital-twins-plasma-control-heat-exhaust-iter-demo/,https://prrp.site/pgd023,reserved,public-good-impact-dossier-2026-05-02-fusion-digital-twins-plasma-control-heat-exhaust-iter-demo.pdf,307596,d18ae201341c7c767ed1488025a67f78482aa6725de9711f46a5e77d3f7a7f03,cf98bc8c31cbe7af57c6f9e2a43d9185ba3e012b514f7edec8534d94841fd04cec801900d2c4e0561842f5fa518dd86440928ddb57f1a504f6f3a92bff8e4214,missing
2026-05-02-grid-digital-twins-reliability-dispatch-resilience,pgd024,public_good_dossiers.grid_digital_twins_reliability_dispatch_resilience,Public-Good Briefing,public_good_briefing,translation,released,local_pdf,"Tau-Grade Grid Digital Twins, Reliability, Dispatch, and Resilience",2026-05-02,v3-enriched,,https://panta-rhei.site/publications/research-briefings/public-good/grid-digital-twins-reliability-dispatch-resilience/,https://panta-rhei.site/publications/research-briefings/public-good/grid-digital-twins-reliability-dispatch-resilience/,https://prrp.site/pgd024,reserved,public-good-impact-dossier-2026-05-02-grid-digital-twins-reliability-dispatch-resilience.pdf,255163,e04d88c714f53a4a82d190dde70b10ecba65866b5d7fa8f5b67f0f212cc5266f,b4c6e2c0e901d534a450d280d8125e48482d30ac4d2bd2d8de8c3a9e99549dae86ab36cb51d000dbba3dcd1b47dc32d4a60fb840bcbc24a543d6877431a34430,missing
2026-05-02-industrial-transport-agricultural-emissions-attribution-compliance-abatement,pgd025,public_good_dossiers.industrial_transport_agricultural_emissions_attribution_compliance_abatement,Public-Good Briefing,public_good_briefing,translation,released,local_pdf,"Tau for Industrial, Transport, and Agricultural Emissions Attribution, Compliance, and High-Return Abatement Targeting",2026-05-02,v3-enriched,,https://panta-rhei.site/publications/research-briefings/public-good/industrial-transport-agricultural-emissions-attribution-compliance-abatement/,https://panta-rhei.site/publications/research-briefings/public-good/industrial-transport-agricultural-emissions-attribution-compliance-abatement/,https://prrp.site/pgd025,reserved,public-good-impact-dossier-2026-05-02-industrial-transport-agricultural-emissions-attribution-compliance-abatement.pdf,276092,1f3cd1c836c70c4fb82a6c9c76c4bd0e4a5f8254d7780fd10bf8dc9da3c345db,b71ff25405db9dab693c371c3b6ebe89921f3bae890dd500f6719db3b0f4dc91bd8b2df889c2348f795ea85c7f145807cd874e96481e3f150501915f51b6dcfa,missing
2026-05-02-integrated-energy-system-planning-market-design-investment-coordination,pgd026,public_good_dossiers.integrated_energy_system_planning_market_design_investment_coordination,Public-Good Briefing,public_good_briefing,translation,released,local_pdf,"τ for Integrated Energy-System Planning, Market Design, Investment Prioritization, and International Coordination",2026-05-02,v3-enriched,,https://panta-rhei.site/publications/research-briefings/public-good/integrated-energy-system-planning-market-design-investment-coordination/,https://panta-rhei.site/publications/research-briefings/public-good/integrated-energy-system-planning-market-design-investment-coordination/,https://prrp.site/pgd026,reserved,public-good-impact-dossier-2026-05-02-integrated-energy-system-planning-market-design-investment-coordination.pdf,316749,2d4907369d2d88188f818f0b1d7ba912bbdd6cbfff0b2b54ec28e9e16b2bb479,0a37db840508c9b34047d0ed7df252538372a06a3c48c7bbf2d02eb995c9f38f7603b8f2948e1fb97c75242a348f5168df2bf387ebfad29da418f5a491c1b31b,missing
2026-05-02-new-aerial-logistics-aam-airships-humanitarian-remote,pgd027,public_good_dossiers.new_aerial_logistics_aam_airships_humanitarian_remote,Public-Good Briefing,public_good_briefing,translation,released,local_pdf,τ and New Aerial Logistics,2026-05-02,v3-enriched,,https://panta-rhei.site/publications/research-briefings/public-good/new-aerial-logistics-aam-airships-humanitarian-remote/,https://panta-rhei.site/publications/research-briefings/public-good/new-aerial-logistics-aam-airships-humanitarian-remote/,https://prrp.site/pgd027,reserved,public-good-impact-dossier-2026-05-02-new-aerial-logistics-aam-airships-humanitarian-remote.pdf,288392,39a8f74b7d78be87ad3b90793ba888d3968be842b9de4f25c97594169abab4e5,4732ab5f737123d5a48820103b1a08938d0daa822c97c8bfd553f764eb07db987a407b9f5c53b285e73c38784f76275ec14b72b136af0cd53f32a59d4a1a1712,missing
2026-05-02-ocean-logistics-maritime-routing-port-flow-green-corridors,pgd028,public_good_dossiers.ocean_logistics_maritime_routing_port_flow_green_corridors,Public-Good Briefing,public_good_briefing,translation,released,local_pdf,τ and the Ocean Logistics Opportunity,2026-05-02,v3-enriched,,https://panta-rhei.site/publications/research-briefings/public-good/ocean-logistics-maritime-routing-port-flow-green-corridors/,https://panta-rhei.site/publications/research-briefings/public-good/ocean-logistics-maritime-routing-port-flow-green-corridors/,https://prrp.site/pgd028,reserved,public-good-impact-dossier-2026-05-02-ocean-logistics-maritime-routing-port-flow-green-corridors.pdf,288491,9ecdcebb02e3df9e491c6b8670ad68b3a507862e963c3f8dfe330c105a253740,acb667f03a8f2d10ef30f273da2a0359ca4247f858c7cf672a7bf4a298396bfba20a2301f6fca2aa55b62c17391c54a268ed00c06c58084f95d9bd3d0bc2f0ec,missing
2026-05-02-ocean-stewardship-cleanup-marine-emergency-response,pgd029,public_good_dossiers.ocean_stewardship_cleanup_marine_emergency_response,Public-Good Briefing,public_good_briefing,translation,released,local_pdf,"τ and Ocean Stewardship, Cleanup, and Marine Emergency Response",2026-05-02,v3-enriched,,https://panta-rhei.site/publications/research-briefings/public-good/ocean-stewardship-cleanup-marine-emergency-response/,https://panta-rhei.site/publications/research-briefings/public-good/ocean-stewardship-cleanup-marine-emergency-response/,https://prrp.site/pgd029,reserved,public-good-impact-dossier-2026-05-02-ocean-stewardship-cleanup-marine-emergency-response.pdf,291661,188028ff682c004c9937006ae8dec554c6814e55f310221ca0031338c6cfdcec,992d349fab50065e0f5735a0fc413b29d60f7dbd79b9287d3ae73b1a6684eddab6e444a2cec8129d3ca515f720806a73f9c9e3329a91d81b96488a69a21a969b,missing
2026-05-02-oceans-cryosphere-tipping-long-range-resilience,pgd030,public_good_dossiers.oceans_cryosphere_tipping_long_range_resilience,Public-Good Briefing,public_good_briefing,translation,released,local_pdf,"τ for Oceans, Cryosphere, Tipping Elements, and Long-Range Resilience",2026-05-02,v3-enriched,,https://panta-rhei.site/publications/research-briefings/public-good/oceans-cryosphere-tipping-long-range-resilience/,https://panta-rhei.site/publications/research-briefings/public-good/oceans-cryosphere-tipping-long-range-resilience/,https://prrp.site/pgd030,reserved,public-good-impact-dossier-2026-05-02-oceans-cryosphere-tipping-long-range-resilience.pdf,296849,3720b1c7d878c3cafe8d456991508acd8c7abb7bd00b7b5206afc7250e6ccab6,c6d94af3bd44d603709c758d3777ea3f04fc916c6875729d6b0181d6b616fcd7aeb93cba868184ada3a6c29175423f0a5cefd022e1c28d02adb0911b4bec9958,missing
2026-05-02-one-health-vector-zoonotic-spillover-climate-outbreaks,pgd031,public_good_dossiers.one_health_vector_zoonotic_spillover_climate_outbreaks,Public-Good Briefing,public_good_briefing,translation,released,local_pdf,"Tau-Grade One Health Early Warning for Vector-Borne Disease, Zoonotic Spillover, and Climate-Sensitive Outbreaks",2026-05-02,v3-enriched,,https://panta-rhei.site/publications/research-briefings/public-good/one-health-vector-zoonotic-spillover-climate-outbreaks/,https://panta-rhei.site/publications/research-briefings/public-good/one-health-vector-zoonotic-spillover-climate-outbreaks/,https://prrp.site/pgd031,reserved,public-good-impact-dossier-2026-05-02-one-health-vector-zoonotic-spillover-climate-outbreaks.pdf,282128,e00d1cb3956910e94872857fdfdf070bb3394e4e7be033afe879336295344e24,dcc8c50700877854f8f70c0f89084bfc95f9b9fe8dffe03f88ed9989ce1394121145ba78c4b4c3b5811df572cbc26d6363859509ba2a7d1e318245f3131e73fd,missing
2026-05-02-operational-agro-weather-intelligence,pgd032,public_good_dossiers.operational_agro_weather_intelligence,Public-Good Briefing,public_good_briefing,translation,released,local_pdf,Tau-Grade Operational Agro-Weather Intelligence,2026-05-02,v3-enriched,,https://panta-rhei.site/publications/research-briefings/public-good/operational-agro-weather-intelligence/,https://panta-rhei.site/publications/research-briefings/public-good/operational-agro-weather-intelligence/,https://prrp.site/pgd032,reserved,public-good-impact-dossier-2026-05-02-operational-agro-weather-intelligence.pdf,301479,ae37da179578e64bd195bba47d5b1fbcd9afa4961d6942c7204ebb75495bdcb6,6157a0586fa3ce63255bfc4c424788d400562e53aa220dc3c6f436ceaac84afd8a2e3f8977ba9433265e97ea08b5b6870aa5c749e3bd968b4c54b490b5048d62,missing
2026-05-02-pest-disease-livestock-stress-early-warning,pgd033,public_good_dossiers.pest_disease_livestock_stress_early_warning,Public-Good Briefing,public_good_briefing,translation,released,local_pdf,"Tau for Pest, Disease, and Livestock-Stress Early Warning",2026-05-02,v3-enriched,,https://panta-rhei.site/publications/research-briefings/public-good/pest-disease-livestock-stress-early-warning/,https://panta-rhei.site/publications/research-briefings/public-good/pest-disease-livestock-stress-early-warning/,https://prrp.site/pgd033,reserved,public-good-impact-dossier-2026-05-02-pest-disease-livestock-stress-early-warning.pdf,254799,cd9febd126f5e93a850b24348ca6a1fcd06818c3d9cb80f794412c6911ca7a2f,78a8826f81986fe663370fed2d4446f0494d1488b4bd11e2139c94cd79416d5f0744dc377e12427534715b0f413baab9d117f0bcd1bdc33cb4c5568a3358bd67,missing
2026-05-02-precision-public-health-physiology-prevention-safer-therapeutics,pgd034,public_good_dossiers.precision_public_health_physiology_prevention_safer_therapeutics,Public-Good Briefing,public_good_briefing,translation,released,local_pdf,"τ for Precision Public Health, Physiology-Aware Prevention, and Safer Therapeutics / Response Optimization",2026-05-02,v3-enriched,,https://panta-rhei.site/publications/research-briefings/public-good/precision-public-health-physiology-prevention-safer-therapeutics/,https://panta-rhei.site/publications/research-briefings/public-good/precision-public-health-physiology-prevention-safer-therapeutics/,https://prrp.site/pgd034,reserved,public-good-impact-dossier-2026-05-02-precision-public-health-physiology-prevention-safer-therapeutics.pdf,297676,ef3d9990ec90fc382783330c7beca813a5328607940a8c8a832cae574dafc0cf,604624f0b20e906bb628079a68f12b4dda429a8cfb24e96703d9e1d55c923f00fec06107fb7e28e5768ca9661b867d5a26361d48a255fc12e7711d2213625f5f,missing
2026-05-02-pv-asset-protection-storm-hardening-long-term-planning,pgd035,public_good_dossiers.pv_asset_protection_storm_hardening_long_term_planning,Public-Good Briefing,public_good_briefing,translation,released,local_pdf,"τ for PV Asset Protection, Storm-Hardening, and Long-Term System Planning",2026-05-02,v3-enriched,,https://panta-rhei.site/publications/research-briefings/public-good/pv-asset-protection-storm-hardening-long-term-planning/,https://panta-rhei.site/publications/research-briefings/public-good/pv-asset-protection-storm-hardening-long-term-planning/,https://prrp.site/pgd035,reserved,public-good-impact-dossier-2026-05-02-pv-asset-protection-storm-hardening-long-term-planning.pdf,265666,0a1f3b57532c9c0f3401219c8f1f77b58a6c2209432be9d387b55066c4f2315c,b89750b5aa0d324d149c46b2b82361f6a52c52638797e34d255ca072a22939d90bece3718c801c5a45e961fea1b122965c9abe1c3ca0f1b5957b15f7ffca500a,missing
2026-05-02-regional-adaptation-sectoral-impact-intelligence,pgd036,public_good_dossiers.regional_adaptation_sectoral_impact_intelligence,Public-Good Briefing,public_good_briefing,translation,released,local_pdf,Tau for Regional Adaptation Planning and Sectoral Impact Intelligence,2026-05-02,v3-enriched,,https://panta-rhei.site/publications/research-briefings/public-good/regional-adaptation-sectoral-impact-intelligence/,https://panta-rhei.site/publications/research-briefings/public-good/regional-adaptation-sectoral-impact-intelligence/,https://prrp.site/pgd036,reserved,public-good-impact-dossier-2026-05-02-regional-adaptation-sectoral-impact-intelligence.pdf,273089,4302d4d7801ce3c0fc7d4d082cdd9abbd050c155abc9087a9ae67d518f2d3a99,9d104602005720b6928a5e4152007b0a5230d8c76e0243ae764f2b87a54fdbbd650ca2c7c1b939a7122352904a7e5ae0de439fa725f548a55379983c3fea3b1c,missing
2026-05-02-river-basin-groundwater-drought-flood-allocation-water-productivity,pgd037,public_good_dossiers.river_basin_groundwater_drought_flood_allocation_water_productivity,Public-Good Briefing,public_good_briefing,translation,released,local_pdf,"τ for River-Basin, Groundwater, Drought-Flood Allocation, and Water Productivity",2026-05-02,v3-enriched,,https://panta-rhei.site/publications/research-briefings/public-good/river-basin-groundwater-drought-flood-allocation-water-productivity/,https://panta-rhei.site/publications/research-briefings/public-good/river-basin-groundwater-drought-flood-allocation-water-productivity/,https://prrp.site/pgd037,reserved,public-good-impact-dossier-2026-05-02-river-basin-groundwater-drought-flood-allocation-water-productivity.pdf,296520,9cb046f25fc6e183f2a35524aa6c2d59b5b83204e2a367f1b531ebcc3ab00f5d,835cb935b2374160273c55ba8682689128d48a4740fcd76f5207c49f9748073a1c9d817754ffd677be5c45e98b0ffab7d5ec68b6f93e849091cd396bca452f24,missing
2026-05-02-seasonal-planning-disaster-anticipation-food-system-resilience,pgd038,public_good_dossiers.seasonal_planning_disaster_anticipation_food_system_resilience,Public-Good Briefing,public_good_briefing,translation,released,local_pdf,"Tau for Seasonal Planning, Disaster Anticipation, and Food-System Resilience",2026-05-02,v3-enriched,,https://panta-rhei.site/publications/research-briefings/public-good/seasonal-planning-disaster-anticipation-food-system-resilience/,https://panta-rhei.site/publications/research-briefings/public-good/seasonal-planning-disaster-anticipation-food-system-resilience/,https://prrp.site/pgd038,reserved,public-good-impact-dossier-2026-05-02-seasonal-planning-disaster-anticipation-food-system-resilience.pdf,265603,f31a686a1a9d1048a3381651a54ba41f210f4154e6435685287f2fec6b4dd70e,70df23c3f28bb445c76a7cd7ec3add1978d8f2ea367e8e4c9ee10bd773bc5c980619196cafd1f698d3e1437026e6f21bbcb12b86c36d6e38dceac933de97a46b,missing
2026-05-02-solar-storage-microgrids-critical-infrastructure-resilience,pgd039,public_good_dossiers.solar_storage_microgrids_critical_infrastructure_resilience,Public-Good Briefing,public_good_briefing,translation,released,local_pdf,"τ for Solar-Plus-Storage, Microgrids, and Critical-Infrastructure Resilience",2026-05-02,v3-enriched,,https://panta-rhei.site/publications/research-briefings/public-good/solar-storage-microgrids-critical-infrastructure-resilience/,https://panta-rhei.site/publications/research-briefings/public-good/solar-storage-microgrids-critical-infrastructure-resilience/,https://prrp.site/pgd039,reserved,public-good-impact-dossier-2026-05-02-solar-storage-microgrids-critical-infrastructure-resilience.pdf,304858,92c1b7c507acddbc25866e8bab13abbb8dc5b068c02d1557be7281f991ea9c13,f91b5be50ce169d5732a75a3bd7a4f9362930ae29e954fd2fa3f4a3822b0b9a5f42983314795cd1f6434c681904b6cd38e14a0077d64770e1245e7842d8dbc83,missing
2026-05-02-solar-synchronized-flexible-demand-grid-logistics,pgd040,public_good_dossiers.solar_synchronized_flexible_demand_grid_logistics,Public-Good Briefing,public_good_briefing,translation,released,local_pdf,τ for Solar-Synchronized Flexible Demand and Grid Logistics,2026-05-02,v3-enriched,,https://panta-rhei.site/publications/research-briefings/public-good/solar-synchronized-flexible-demand-grid-logistics/,https://panta-rhei.site/publications/research-briefings/public-good/solar-synchronized-flexible-demand-grid-logistics/,https://prrp.site/pgd040,reserved,public-good-impact-dossier-2026-05-02-solar-synchronized-flexible-demand-grid-logistics.pdf,311513,234d0b30349c68b1ae0b82195fcd61a6a5c1222d754ec0a4809f7d1830991c4c,e58e6e4c6a0d1abf02d9422ceb55fe261b98bc651825a4ce1eee34219b39a9d6d13d2d71148f2d048913f364f1abc5b51d8cad45287e68af6df72319dc9e1856,missing
2026-05-02-wash-health-facilities-schools-camps-climate-vulnerable-settlements,pgd041,public_good_dossiers.wash_health_facilities_schools_camps_climate_vulnerable_settlements,Public-Good Briefing,public_good_briefing,translation,released,local_pdf,"τ for WASH in Health Facilities, Schools, Camps, and Climate-Vulnerable Settlements",2026-05-02,v3-enriched,,https://panta-rhei.site/publications/research-briefings/public-good/wash-health-facilities-schools-camps-climate-vulnerable-settlements/,https://panta-rhei.site/publications/research-briefings/public-good/wash-health-facilities-schools-camps-climate-vulnerable-settlements/,https://prrp.site/pgd041,reserved,public-good-impact-dossier-2026-05-02-wash-health-facilities-schools-camps-climate-vulnerable-settlements.pdf,270754,14a4eeff0daa1af5c0b0582c3bb62a7b02a1003c9711eda86369e4bb9818e122,cf5c369e6a9cbdce415eeabd4a3acd868b79088836b396a4228915a9946d0d389fa01c5dc52b2d0ae07c51e81355d7287f1cfc079f36246c5ed7ba4ab4bc7fe1,missing
2026-05-02-waste-systems-plastics-leakage-zero-waste,pgd042,public_good_dossiers.waste_systems_plastics_leakage_zero_waste,Public-Good Briefing,public_good_briefing,translation,released,local_pdf,"τ for Waste Systems, Plastics Leakage, Litter Interception, Municipal/Industrial Waste Operations, and Zero-Waste Transitions",2026-05-02,v3-enriched,,https://panta-rhei.site/publications/research-briefings/public-good/waste-systems-plastics-leakage-zero-waste/,https://panta-rhei.site/publications/research-briefings/public-good/waste-systems-plastics-leakage-zero-waste/,https://prrp.site/pgd042,reserved,public-good-impact-dossier-2026-05-02-waste-systems-plastics-leakage-zero-waste.pdf,269917,4ccc2c3a9886b51a386331e7d49e5a569757c2eabc14ec7af4701e3634c1c5c5,1388183a69dd3b8b5406f25200a71f59b4e599ce736bd5776afee40f599d4a7309b915bac590390b4b53c388de004935ca45b36e2b4533b67d7496cb55372f01,missing
2026-05-02-wastewater-stormwater-sanitation-circular-reuse,pgd043,public_good_dossiers.wastewater_stormwater_sanitation_circular_reuse,Public-Good Briefing,public_good_briefing,translation,released,local_pdf,"τ for Wastewater, Stormwater, Sanitation, and Circular Water Reuse",2026-05-02,v3-enriched,,https://panta-rhei.site/publications/research-briefings/public-good/wastewater-stormwater-sanitation-circular-reuse/,https://panta-rhei.site/publications/research-briefings/public-good/wastewater-stormwater-sanitation-circular-reuse/,https://prrp.site/pgd043,reserved,public-good-impact-dossier-2026-05-02-wastewater-stormwater-sanitation-circular-reuse.pdf,278520,63e514843548c9af0dde4022d8cdd600794ab795f39183d4ad2fbd7fa4662c40,e3b97fe71296624333390f1062e99af7295a1446f20dd5853a31455c402d65fa30dde5b31d3789e47aba84f1a1723bd1be7adfd3ba5337e7bb1613fcc1e768eb,missing
2026-05-02-wildfire-smoke-heat-compound-extreme-health-protection,pgd044,public_good_dossiers.wildfire_smoke_heat_compound_extreme_health_protection,Public-Good Briefing,public_good_briefing,translation,released,local_pdf,"τ for Wildfire, Smoke, Heat, and Compound-Extreme Health Protection",2026-05-02,v3-enriched,,https://panta-rhei.site/publications/research-briefings/public-good/wildfire-smoke-heat-compound-extreme-health-protection/,https://panta-rhei.site/publications/research-briefings/public-good/wildfire-smoke-heat-compound-extreme-health-protection/,https://prrp.site/pgd044,reserved,public-good-impact-dossier-2026-05-02-wildfire-smoke-heat-compound-extreme-health-protection.pdf,288836,1cc3dfe6b3e64f08b732b51f6c85beb16f550d70a490c7497c44cd6ad3441711,11ace74728d76c1b6a251a563f5bd0c9da64a2c8e97c962376b209d0f06e37a7b5c3a0d4645574ee2c34caea6b2afa31ee174f843c7ac4ede75e7304bec410ae,missing
book-i,rm001,research_monographs.book_i,Research Monograph,research_monograph,technical,released,external_link,Book I: Categorical Foundations,2026-04-30,Second Edition,,https://panta-rhei.site/publications/books/book-i/,https://panta-rhei.site/publications/books/book-i/,https://prrp.site/rm001,reserved,,0,,,not_applicable
book-ii,rm002,research_monographs.book_ii,Research Monograph,research_monograph,technical,released,external_link,Book II: Categorical Holomorphy,2026-04-30,Second Edition,,https://panta-rhei.site/publications/books/book-ii/,https://panta-rhei.site/publications/books/book-ii/,https://prrp.site/rm002,reserved,,0,,,not_applicable
book-iii,rm003,research_monographs.book_iii,Research Monograph,research_monograph,technical,released,external_link,Book III: Categorical Spectrum,2026-04-30,Second Edition,,https://panta-rhei.site/publications/books/book-iii/,https://panta-rhei.site/publications/books/book-iii/,https://prrp.site/rm003,reserved,,0,,,not_applicable
book-iv,rm004,research_monographs.book_iv,Research Monograph,research_monograph,technical,released,external_link,Book IV: Categorical Microcosm,2026-04-30,Second Edition,,https://panta-rhei.site/publications/books/book-iv/,https://panta-rhei.site/publications/books/book-iv/,https://prrp.site/rm004,reserved,,0,,,not_applicable
book-v,rm005,research_monographs.book_v,Research Monograph,research_monograph,technical,released,external_link,Book V: Categorical Macrocosm,2026-04-30,Second Edition,,https://panta-rhei.site/publications/books/book-v/,https://panta-rhei.site/publications/books/book-v/,https://prrp.site/rm005,reserved,,0,,,not_applicable
book-vi,rm006,research_monographs.book_vi,Research Monograph,research_monograph,technical,released,external_link,Book VI: Categorical Life,2026-04-30,Second Edition,,https://panta-rhei.site/publications/books/book-vi/,https://panta-rhei.site/publications/books/book-vi/,https://prrp.site/rm006,reserved,,0,,,not_applicable
book-vii,rm007,research_monographs.book_vii,Research Monograph,research_monograph,technical,released,external_link,Book VII: Categorical Metaphysics,2026-04-30,Second Edition,,https://panta-rhei.site/publications/books/book-vii/,https://panta-rhei.site/publications/books/book-vii/,https://prrp.site/rm007,reserved,,0,,,not_applicable
2026-04-25-structural-prior-dynamic-chirality-induced-spin-selectivity,rn002,research_notes.structural_prior_dynamic_ciss,Research Note,research_note,dialogue,released,local_pdf,A Structural Prior for Dynamic Chirality-Induced Spin Selectivity,2026-04-25,v1.0,,https://panta-rhei.site/publications/research-notes/structural-prior-dynamic-chirality-induced-spin-selectivity/,https://panta-rhei.site/publications/research-notes/structural-prior-dynamic-chirality-induced-spin-selectivity/,https://prrp.site/rn002,reserved,research-note-2026-04-25-structural-prior-dynamic-chirality-induced-spin-selectivity.pdf,175080,9f75324f1f3240d35f3f97d22edda69071c1922fd45f970ab620feda1452ae34,daa69c2cd6500e9ea1bfb9a67fd3ca8bd30c28919a4d8f184d34867d416dffa57fc32e30e254fa31bc10c2153ac25b8f72cf03a4d5f17e04fbdfa22926d9c5aa,pending
2026-04-25-inflationary-observables-without-an-inflaton,rn003,research_notes.inflationary_observables_without_inflaton,Research Note,research_note,dialogue,released,local_pdf,Inflationary Observables Without an Inflaton,2026-04-25,v1.0,,https://panta-rhei.site/publications/research-notes/inflationary-observables-without-an-inflaton/,https://panta-rhei.site/publications/research-notes/inflationary-observables-without-an-inflaton/,https://prrp.site/rn003,reserved,research-note-2026-04-25-inflationary-observables-without-an-inflaton.pdf,263090,511c700da26f1366a9b8df0c869da12e61397c2fdd79bc7c46a50c0152d9f29d,0d50d9580085ce7de53a7f0c1652af2e6268dc9cfbe3bbded7dd88143279aa3cbbf179cf453517f76ba648009e741eb3ac3c66f7d6e68ce4d70a4ef2fe947fdf,pending
2026-04-25-dark-matter-without-dark-matter-ksz-force-law,rn004,research_notes.dark_matter_mond_category_tau,Research Note,research_note,dialogue,released,local_pdf,Dark Matter vs. MOND vs. Category τ,2026-04-25,v1.0,,https://panta-rhei.site/publications/research-notes/dark-matter-without-dark-matter-ksz-force-law/,https://panta-rhei.site/publications/research-notes/dark-matter-without-dark-matter-ksz-force-law/,https://prrp.site/rn004,reserved,research-note-2026-04-25-dark-matter-without-dark-matter-ksz-force-law.pdf,276665,b450cd1735693dba9ef88bb5bf4cc861bf9c7393152e3e3e2c35dbd357f436f6,9cc9a280aa77d11abdf148ee9fff1a7ca73081e41e0748572a6646dcc152be4f5587828092d0e170be36a1a31006a88d4f04a95764fdd257b9d27473bf021a0e,pending
2026-04-25-black-holes-without-extra-dimensions,rn005,research_notes.black_hole_stability_without_extra_dimensions,Research Note,research_note,dialogue,released,local_pdf,Black Hole Stability Without Extra Dimensions,2026-04-25,v1.0,,https://panta-rhei.site/publications/research-notes/black-holes-without-extra-dimensions/,https://panta-rhei.site/publications/research-notes/black-holes-without-extra-dimensions/,https://prrp.site/rn005,reserved,research-note-2026-04-25-black-holes-without-extra-dimensions.pdf,172188,c3f6cb2c9d7b53cccf3fe497622fd40ae5534d0d054a1bc53d5855bc0cd6f309,c8c06a14ab820fe9b82d62ac580557d97b6d1a2e2e0941c88059d24d50af0de571913ca263010371554577e0b1f61f209d94aad5939b1c8deb5910d67015d204,pending
2026-04-25-arithmetic-quantum-gravity-without-singularities,rn006,research_notes.arithmetic_quantum_gravity_without_singularities,Research Note,research_note,dialogue,released,local_pdf,Arithmetic Quantum Gravity Without Singularities,2026-04-25,v1.0,,https://panta-rhei.site/publications/research-notes/arithmetic-quantum-gravity-without-singularities/,https://panta-rhei.site/publications/research-notes/arithmetic-quantum-gravity-without-singularities/,https://prrp.site/rn006,reserved,research-note-2026-04-25-arithmetic-quantum-gravity-without-singularities.pdf,171164,07fab98d6de53bbcea37329d14592f2e03272ab17fd3ccb42c96064552c6656e,98143646e4c83244347b36687b42ad990ffe829663fd1d77459852105ec1b8b7a07880604a8b39428d4510e07d825ea44a0066e2fb79d5d7ba8568d4e811b3c5,pending
2026-04-27-semantic-space-has-a-shape,rn001,research_notes.semantic_space_has_a_shape,Research Note,research_note,dialogue,released,local_pdf,Semantic Space Has a Shape,2026-04-27,v1.0,,https://panta-rhei.site/publications/research-notes/semantic-space-has-a-shape/,https://panta-rhei.site/publications/research-notes/semantic-space-has-a-shape/,https://prrp.site/rn001,reserved,research-note-2026-04-27-semantic-space-has-a-shape.pdf,170829,8736d82087bb0775576c3bd1668829ba18bbdd7be4030146f632920ed306795b,5b4f194f7420b3fe7ad91c01c111f5f5c43c0f1c06d7b64cbc580ee554b89f5cee5428518438375e59fb9a5e5f97ec50497d26b7a61fe9622e5e684d71dc4758,pending
2026-04-27-hyperfactorization-theorem,rp001,research_papers.hyperfactorization_theorem,Research Paper,research_paper,technical,released,local_pdf,The Hyperfactorization Theorem,2026-04-27,v1.0,10.5281/zenodo.19818957,https://panta-rhei.site/publications/research-papers/hyperfactorization-theorem/,https://panta-rhei.site/publications/research-papers/hyperfactorization-theorem/,https://prrp.site/rp001,reserved,research-paper-2026-04-27-hyperfactorization-theorem.pdf,162118,0c38d3a470757d8b897f787b855a3e7aa9e5190d4dfe9a6cf2af4a1ae9fd2bca,9935f2b0bbc4510a877cf6f34424e42b99028f4a6ace3d8c54951598613f1878b0d9d736033b03d476e214529cbd25649fbdc08877f46df0d1f6502977ba45aa,pending
2026-04-27-prime-polarity-theorem,rp002,research_papers.prime_polarity_theorem,Research Paper,research_paper,technical,released,local_pdf,The Prime Polarity Theorem,2026-04-27,v1.0,10.5281/zenodo.19819869,https://panta-rhei.site/publications/research-papers/prime-polarity-theorem/,https://panta-rhei.site/publications/research-papers/prime-polarity-theorem/,https://prrp.site/rp002,reserved,research-paper-2026-04-27-prime-polarity-theorem.pdf,226425,b73b0e03f96d04cf1b01f7db59a18be191ab036dbbf74b5f693e423231f5c3a6,dc32923aa6ebc32dcdb630e17ed237b3a6f3b309503f6608268777a2b6a63f95578dfbe840591ac8f0aefeac8e695def434683651fff2e4c5eccfc5c6f61d3f4,pending
2026-04-27-master-constant-iota-tau,rp003,research_papers.master_constant_iota_tau,Research Paper,research_paper,technical,released,local_pdf,The Master Constant iota_tau,2026-04-27,v1.0,10.5281/zenodo.19820352,https://panta-rhei.site/publications/research-papers/master-constant-iota-tau/,https://panta-rhei.site/publications/research-papers/master-constant-iota-tau/,https://prrp.site/rp003,reserved,research-paper-2026-04-27-master-constant-iota-tau.pdf,353226,84180344fff592421a3378452986ae11a662df7075ddd9185e91e216fe7c5c64,d2cf128aa310bf2ed690ed119a8b261c9532ac8878bda76b937367f2c66bc6ebd7faa4592662e2c98bc6b78b88eb8bbe6976d8ec48e90b22ed71ff21000e29a5,pending
2026-04-27-split-complex-boundary-algebra,rp004,research_papers.split_complex_boundary_algebra_d,Research Paper,research_paper,technical,released,local_pdf,The Split-Complex Boundary Algebra D,2026-04-27,v1.0,10.5281/zenodo.19818743,https://panta-rhei.site/publications/research-papers/split-complex-boundary-algebra/,https://panta-rhei.site/publications/research-papers/split-complex-boundary-algebra/,https://prrp.site/rp004,reserved,research-paper-2026-04-27-split-complex-boundary-algebra.pdf,299708,469543e2c5b5270b47d675253a71bfbae3cd61e01bb673efbbec2b5f7ebbd8fc,cb5eaf9b35d75d7835a998d8b968b478290b9f4ceae588a782d548acb42e6810cf1e9c8d3825ef01f7d9045f0688ea5c2722183a95be3e703aec8f78a8889003,pending
2026-04-27-tau-holomorphy-boundary-algebra,rp005,research_papers.tau_holomorphy_boundary_algebra,Research Paper,research_paper,technical,released,local_pdf,tau-Holomorphy on the Boundary Algebra,2026-04-27,v1.0,10.5281/zenodo.19818852,https://panta-rhei.site/publications/research-papers/tau-holomorphy-boundary-algebra/,https://panta-rhei.site/publications/research-papers/tau-holomorphy-boundary-algebra/,https://prrp.site/rp005,reserved,research-paper-2026-04-27-tau-holomorphy-boundary-algebra.pdf,348295,25a7f50bd3540b7a1fc29955ea247bd69af42c36b8b7a97ee9c2f7cae0292584,011c7e0b0804cc940de2decbd0078163cc75680e145f1eb34d2327a050a1659f79c4e47de930a68b90a0c39568cf1abe758556f51354608d14c99b4d959f22a6,pending
2026-04-27-tau-topos-four-valued-internal-logic,rp006,research_papers.tau_topos_four_valued_internal_logic,Research Paper,research_paper,technical,released,local_pdf,The tau-Topos and Its Four-Valued Internal Logic,2026-04-27,v1.0,10.5281/zenodo.19820194,https://panta-rhei.site/publications/research-papers/tau-topos-four-valued-internal-logic/,https://panta-rhei.site/publications/research-papers/tau-topos-four-valued-internal-logic/,https://prrp.site/rp006,reserved,research-paper-2026-04-27-tau-topos-four-valued-internal-logic.pdf,542455,353577439dcf3e245291ee4fcc68ea4274b40b9b1972917336f48d734a9cd737,6e8ad712d14aba5cc337535820e0e8469ff47ab711446450bacec4db00673a1dc57a2bfce47f5a141118eb85c925cecd842b9b1d5ef9c633c445793f14be8bb7,pending
2026-04-27-address-resolution-not-calculation,rp007,research_papers.address_resolution_not_calculation,Research Paper,research_paper,technical,released,local_pdf,"Address Resolution, Not Calculation",2026-04-27,v1.0,10.5281/zenodo.19818628,https://panta-rhei.site/publications/research-papers/address-resolution-not-calculation/,https://panta-rhei.site/publications/research-papers/address-resolution-not-calculation/,https://prrp.site/rp007,reserved,research-paper-2026-04-27-address-resolution-not-calculation.pdf,512572,f95f617711404aecaaa6135f0010c35d168abb4d624edbcbada5387728f85c68,34338e5e3ceae467c7e3a432b117a5d6cef76a7266ff5afd3488aba6b3f59c5372e2fcae7143acd8998756159549a3ce496b11f314863c3f2c85a001e63776fc,pending
2026-04-27-tau-kernel-foundational-architecture,rp008,research_papers.tau_kernel_foundational_architecture,Research Paper,research_paper,technical,released,local_pdf,The tau-Kernel as Foundational Architecture,2026-04-27,v1.0,10.5281/zenodo.19820600,https://panta-rhei.site/publications/research-papers/tau-kernel-foundational-architecture/,https://panta-rhei.site/publications/research-papers/tau-kernel-foundational-architecture/,https://prrp.site/rp008,reserved,research-paper-2026-04-27-tau-kernel-foundational-architecture.pdf,472503,7d144cbc8d6244ded9d6881abf92049c5a5481f852b31b2653ba6d281bdedcda,2afcd5e2e6720a213be25700db0a129e5b50a11213b8e2a5ca6704fddabde99ef329e692961da6cbd29dc2edc1e976f44c988d9952c2b6a21a8e38c3448931ad,pending
2026-04-27-panta-rhei-foundational-bundle,rp009,research_papers.panta_rhei_foundational_bundle,Research Memo,research_paper,orientation,released,local_pdf,The Panta Rhei Foundational Bundle,2026-04-27,v1.0,10.5281/zenodo.19820855,https://panta-rhei.site/publications/research-papers/panta-rhei-foundational-bundle/,https://panta-rhei.site/publications/research-papers/panta-rhei-foundational-bundle/,https://prrp.site/rp009,reserved,research-paper-2026-04-27-panta-rhei-foundational-bundle.pdf,104089,da885f49afeac57e17629e5b94fe1a61b6fbe7fe3146a33ac0fb7c6e75466627,6daac20a37b096b86c6c65bb6b04a5d0e4bc43de5b8cd3b8fea95b4a27016bd3690dd55d5abd6015ba39a558f499198f51bdc775bfa857c5081d8e287cf3f7bd,pending
so001-panta-rhei-conspectus,so001,synoptic_overviews.panta_rhei_conspectus,Synoptic Overview,synoptic_overview,orientation,released,local_pdf,The Panta Rhei Conspectus,2026-04-21,v1.1,,https://panta-rhei.site/publications/conspectus/,https://panta-rhei.site/publications/conspectus/,https://prrp.site/so001,reserved,panta-rhei-conspectus.pdf,310275,37023dda39e72aab716a0398466e635b349263bd4a6710009ff8c5b24f5e6b76,fdb6d21155b850b5adcb731840c8d10ce2d6cabf91f535ec14f9e84a675bded0c1a12f4a13be48f886891dea8bd44f1d8b829b94eb3da3f09df16706a231414c,missing
wp001-panta-rhei-research-program-executive-overview,wp001,anchor_documents.panta_rhei_research_program_executive_overview,White Paper,white_paper,orientation,released,local_pdf,Panta Rhei Research Program Executive Overview,2026-05-08,canonical v1.0,,https://panta-rhei.site/publications/anchor-documents/wp001-panta-rhei-research-program-executive-overview/,https://panta-rhei.site/publications/anchor-documents/wp001-panta-rhei-research-program-executive-overview/,https://prrp.site/wp001,active,wp001-panta-rhei-research-program-executive-overview.pdf,2445801,050e986c605b72a046459f3d64f0631cf2a0d21f3908da1b491b0aaa7fab3e87,09be60283049d9c03f6af13d0343376f207852cecba390f7cbc1853486b758c113c8d4acbeb56563b65ee4eef78126d159d4ef14ea79d269502d0d23b3cba52f,missing
wp002-t-theory-executive-synopsis,wp002,anchor_documents.t_theory_executive_synopsis,White Paper,white_paper,orientation,released,local_pdf,T Theory Executive Synopsis,2026-05-08,canonical v1.0,,https://panta-rhei.site/publications/anchor-documents/wp002-t-theory-executive-synopsis/,https://panta-rhei.site/publications/anchor-documents/wp002-t-theory-executive-synopsis/,https://prrp.site/wp002,active,wp002-t-theory-executive-synopsis.pdf,412045,91e53a7c8606abe1c7a33355c9e986f1614a240ea68c998ed34ec5bdd6ca59ec,cc983d742b1b8b031b802dfbda85813accd1242ccf656dd743973e54e78249941cbeadb9994d1a7d0149978426a080dfa218098372459482dc2d2118b26bd635,missing
wp003-taulib-technical-overview,wp003,anchor_documents.taulib_technical_overview,White Paper,white_paper,technical,released,local_pdf,TauLib Technical Overview,2026-05-08,canonical v1.0,,https://panta-rhei.site/publications/anchor-documents/wp003-taulib-technical-overview/,https://panta-rhei.site/publications/anchor-documents/wp003-taulib-technical-overview/,https://prrp.site/wp003,active,wp003-taulib-technical-overview.pdf,303923,db01b46b129c0365741c5d8da5ee3afd70c4377ec1afbe3bc7e9a9d9a278a939,b7a50d5e705a3efc6b7d73c5fd886298d1862d9a4537c7a68d423f332a994844a5a363c7bdd0f3689d8581085774f5ca751b7eabe8ff2dd45e243250c5b9be94,missing
wp004-public-research-observatory-blueprint,wp004,anchor_documents.public_research_observatory_blueprint,White Paper,white_paper,governance,released,local_pdf,Public Research Observatory Blueprint,2026-05-08,canonical v1.0,,https://panta-rhei.site/publications/anchor-documents/wp004-public-research-observatory-blueprint/,https://panta-rhei.site/publications/anchor-documents/wp004-public-research-observatory-blueprint/,https://prrp.site/wp004,active,wp004-public-research-observatory-blueprint.pdf,545965,835578e7ae9932be433068a0d2d10a585912f7b87bf57d654cfd88935653cd32,14e1a308ca38bb271c95537514212c1a5890e86d82e32e72dc092cb8eb2ab8abb5f857947b2c5882f567491aecc560c061bf6bc084d9b5abdd58fa7c8e1f0c96,missing
wp005-global-public-good-impact-overview,wp005,anchor_documents.global_public_good_impact_overview,White Paper,white_paper,translation,released,local_pdf,Global Public Good Impact Overview,2026-05-08,canonical v1.0,,https://panta-rhei.site/publications/anchor-documents/wp005-global-public-good-impact-overview/,https://panta-rhei.site/publications/anchor-documents/wp005-global-public-good-impact-overview/,https://prrp.site/wp005,active,wp005-global-public-good-impact-overview.pdf,324239,cb2067b7abd913add610a30e7bb42707e8561752e4fa35f31e04b3b83fed3a69,df5964be6c1c70a3819b44f07770bf9519baf9ea2a8da672512c743b95e0bb7b4102228888e336f59537715e7419ebde0c6b95ef7540bb864a75fe45f6c300bd,missing
wp000-panta-rhei-at-a-glance,wp000,anchor_documents.panta_rhei_at_a_glance,White Paper,white_paper,orientation,released,local_pdf,Panta Rhei at a Glance,2026-05-09,canonical v1.0,,https://panta-rhei.site/publications/anchor-documents/wp000-panta-rhei-at-a-glance/,https://panta-rhei.site/publications/anchor-documents/wp000-panta-rhei-at-a-glance/,https://prrp.site/wp000,active,wp000-panta-rhei-at-a-glance.pdf,503736,cc65cae423e74f87dfacfc86d796f3790c8bebbe9e604ddb4326b66583d6e766,5e25bd9188db035be9894e76428fbc5027cd4f96bbdc3129e72a76daaa4e7259d77809334dcb48289816143a076857507668f5e84e60fe9d0b4629ee7fd11b98,missing
c002-semantic-archaeology-coherent-theory-of-reality,c002,charter_essays.semantic_archaeology_coherent_theory_of_reality,Charter Essay,charter_essay,orientation,planned,planned,Semantic Archaeology of Coherent Theory of Reality,planned,planned,,,,https://prrp.site/c002,reserved,,0,,,not_applicable
2026-04-26-advanced-fission-safety-operations-licensing-fleet-modernization,pgb001,public_good_briefings.advanced_fission_safety_operations_licensing_fleet_modernization,Public-Good Briefing,public_good_briefing,translation,superseded,local_pdf,"τ for Advanced Fission Safety, Operations, Licensing, and Fleet Modernization",2026-04-26,v1.0,,https://panta-rhei.site/publications/research-briefings/public-good/advanced-fission-safety-operations-licensing-fleet-modernization/,https://panta-rhei.site/publications/research-briefings/public-good/advanced-fission-safety-operations-licensing-fleet-modernization/,https://prrp.site/pgb001,reserved,public-good-briefing-2026-04-26-advanced-fission-safety-operations-licensing-fleet-modernization.pdf,284000,2f417f847d649f74a78212ca1830e976f90e39ae3873b242e2f4a42e9f67bc55,e1456d049905a8c81995ad6d43ac73cd61892667337c04833caf26c683be05fc518b3090345332f6fd455572b9a319d57664cbd00b4cfe9186dd452e10c66a20,pending
2026-05-01-taulib-self-contained-lean-4-library,lwp001,legacy_white_papers.taulib_self_contained_lean4_library,White Paper,white_paper,technical,superseded,local_pdf,TauLib: A Self-Contained Lean 4 Library for Category τ,2026-05-01,**v2.0 (full rewrite)** · May 2026,10.5281/zenodo.19976503,https://panta-rhei.site/publications/white-papers/taulib/,https://panta-rhei.site/publications/white-papers/taulib/,,not_applicable,white-paper-2026-05-01-taulib-self-contained-lean-4-library.pdf,215062,7bb96caa4b4da6c4f94178608ce0ecc6029ebdd88e0306c4ae7ebc0ce48091a7,8816b61498f75596897428ba88efa6638aa1caab6e1aaa869482e19a3dc1c10128148b12269c4c1b434e4bba9bdc6c7526e6f8570ec193981138da6fc348ae00,pending
2026-05-03-building-a-public-research-observatory,lwp002,legacy_white_papers.building_public_research_observatory,White Paper,white_paper,orientation,superseded,local_pdf,Building a Public Research Observatory for High-Scope Open Research,2026-05-03,v1.0,,https://panta-rhei.site/publications/white-papers/building-a-public-research-observatory/,https://panta-rhei.site/publications/white-papers/building-a-public-research-observatory/,,not_applicable,white-paper-2026-05-03-building-a-public-research-observatory.pdf,92762,ec880b1c45920ccbcc296b918e988aa1c94f72a2e160cddee72949e8fe0417e3,64e89403f597e0669984d23ad9a621939957e0007be8dceef2f34784486e1dbb4afd1c79e6fca0d9ff090072384741cf31c4c9794d89fe856b7246d98d57b4b6,pending
2026-05-03-inspection-architecture-high-scope-open-research,lwp003,legacy_white_papers.inspection_architecture_high_scope_open_research,White Paper,white_paper,orientation,superseded,local_pdf,Inspection Architecture for High-Scope Open Research,2026-05-03,v1.0,,https://panta-rhei.site/publications/white-papers/inspection-architecture-high-scope-open-research/,https://panta-rhei.site/publications/white-papers/inspection-architecture-high-scope-open-research/,,not_applicable,white-paper-2026-05-03-inspection-architecture-high-scope-open-research.pdf,81360,566f2fb7dd71aa2ca152e67bebfccab1a0bd435af3e577cdc3eb35803431a7df,ac0597716e16c02c570d954e3ed7eccc5409f934939dc56f904d06702b6050c47e51baaccdb4f7a165479568846f413b5e59bb235a8e570ecd21383c80a56a87,pending
2026-05-03-the-shape-of-a-theory-of-reality,lwp004,legacy_white_papers.shape_of_a_theory_of_reality,White Paper,white_paper,orientation,superseded,local_pdf,The Shape of a Theory of Reality,2026-05-03,v1.0,,https://panta-rhei.site/publications/white-papers/the-shape-of-a-theory-of-reality/,https://panta-rhei.site/publications/white-papers/the-shape-of-a-theory-of-reality/,,not_applicable,white-paper-2026-05-03-the-shape-of-a-theory-of-reality.pdf,92150,9fffa234a5244eb0882bc664ae9b2b6fb2611b3721b17828c592628cd2bbdaa6,a136bc935f31e7acab713e9d48e8f16fc8d6061fc6263d1522a5c7dddb8fbe0e368b2d2b4f4f8b704a7d1c9ab8d9d90dce65a7d64c3f290bc481a93f376a9596,pending
2026-05-04-panta-rhei-executive-overview,lwp005,legacy_white_papers.panta_rhei_executive_overview,White Paper,white_paper,orientation,superseded,local_pdf,Panta Rhei Research Program — Executive Overview,2026-05-04,**v4.0**,,https://panta-rhei.site/publications/white-papers/executive-overview/,https://panta-rhei.site/publications/white-papers/executive-overview/,,not_applicable,white-paper-2026-05-04-panta-rhei-executive-overview.pdf,234716,fed983c314d180be9713020fa9f3be20cf9bb30858521b282d0227f1af5124ce,38543166428a47f7cd49dd0f7fea0ea8e6c119d793838ab24d80e95262bfb456c99ccf2aa9a9522a74758331cd93b95c0e7fef76a19adc39a47b5afb793be9f0,missing
